Année;Prix;Variation
28/01/2013;13.05000000;0%
29/01/2013;13.20000000;1.14%
30/01/2013;13.79000000;4.28%
31/01/2013;14.56000000;5.29%
01/02/2013;14.75000000;1.29%
02/02/2013;15.35000000;3.91%
03/02/2013;15.10000000;-1.66%
04/02/2013;14.37000000;-5.08%
05/02/2013;14.76000000;2.64%
06/02/2013;15.02000000;1.73%
07/02/2013;15.20000000;1.18%
08/02/2013;15.84000000;4.04%
09/02/2013;16.26000000;2.58%
10/02/2013;16.85000000;3.5%
11/02/2013;17.44000000;3.38%
12/02/2013;17.47000000;0.17%
13/02/2013;18.00000000;2.94%
14/02/2013;18.71000000;3.79%
15/02/2013;18.43000000;-1.52%
16/02/2013;20.12000000;8.4%
17/02/2013;20.20000000;0.4%
18/02/2013;20.44000000;1.17%
19/02/2013;20.18000000;-1.29%
20/02/2013;20.34000000;0.79%
21/02/2013;22.26000000;8.63%
22/02/2013;22.50000000;1.07%
23/02/2013;22.51000000;0.04%
24/02/2013;23.00000000;2.13%
25/02/2013;22.68000000;-1.41%
26/02/2013;22.66000000;-0.09%
27/02/2013;23.21000000;2.37%
28/02/2013;24.00000000;3.29%
01/03/2013;23.50000000;-2.13%
02/03/2013;25.64000000;8.35%
03/03/2013;26.70000000;3.97%
04/03/2013;26.97000000;1%
05/03/2013;26.90000000;-0.26%
06/03/2013;28.23000000;4.71%
07/03/2013;31.47000000;10.3%
08/03/2013;32.31000000;2.6%
09/03/2013;31.57000000;-2.34%
10/03/2013;33.59000000;6.01%
11/03/2013;35.80000000;6.17%
12/03/2013;35.70000000;-0.28%
13/03/2013;37.15000000;3.9%
14/03/2013;33.18000000;-11.97%
15/03/2013;36.42000000;8.9%
16/03/2013;36.52000000;0.27%
17/03/2013;36.40000000;-0.33%
18/03/2013;36.50000000;0.27%
19/03/2013;36.65000000;0.41%
20/03/2013;39.50000000;7.22%
21/03/2013;46.00000000;14.13%
22/03/2013;49.82000000;7.67%
23/03/2013;56.00000000;11.04%
24/03/2013;53.97000000;-3.76%
25/03/2013;49.65000000;-8.7%
26/03/2013;55.15000000;9.97%
27/03/2013;56.75000000;2.82%
28/03/2013;60.93000000;6.86%
29/03/2013;69.25000000;12.01%
30/03/2013;70.63000000;1.95%
31/03/2013;70.86000000;0.32%
01/04/2013;72.27000000;1.95%
02/04/2013;73.74000000;1.99%
03/04/2013;80.77000000;8.7%
04/04/2013;92.19000000;12.39%
05/04/2013;102.99000000;10.49%
06/04/2013;104.00000000;0.97%
07/04/2013;108.50000000;4.15%
08/04/2013;111.97000000;3.1%
09/04/2013;127.16000000;11.95%
10/04/2013;143.63000000;11.47%
11/04/2013;180.10000000;20.25%
12/04/2013;127.01000000;-41.8%
13/04/2013;92.00000000;-38.05%
14/04/2013;88.00000000;-4.55%
15/04/2013;71.00000000;-23.94%
16/04/2013;67.40000000;-5.34%
17/04/2013;63.00000000;-6.98%
18/04/2013;51.10000000;-23.29%
19/04/2013;71.50000000;28.53%
20/04/2013;82.50000000;13.33%
21/04/2013;91.51000000;9.85%
22/04/2013;98.15000000;6.77%
23/04/2013;92.00000000;-6.68%
24/04/2013;95.00000000;3.16%
25/04/2013;109.68000000;13.38%
26/04/2013;119.00000000;7.83%
27/04/2013;108.80000000;-9.38%
28/04/2013;105.00000000;-3.62%
29/04/2013;100.70000000;-4.27%
30/04/2013;104.00000000;3.17%
01/05/2013;109.00000000;4.59%
02/05/2013;105.55000000;-3.27%
03/05/2013;90.00000000;-17.28%
04/05/2013;81.18000000;-10.86%
05/05/2013;75.00000000;-8.24%
06/05/2013;84.49000000;11.23%
07/05/2013;88.33000000;4.35%
08/05/2013;85.04000000;-3.87%
09/05/2013;85.00000000;-0.05%
10/05/2013;85.00000000;0%
11/05/2013;85.30000000;0.35%
12/05/2013;88.11000000;3.19%
13/05/2013;90.00000000;2.1%
14/05/2013;89.80000000;-0.22%
15/05/2013;90.09000000;0.32%
16/05/2013;86.01000000;-4.74%
17/05/2013;87.95000000;2.21%
18/05/2013;91.11000000;3.47%
19/05/2013;93.10000000;2.14%
20/05/2013;93.65000000;0.59%
21/05/2013;93.90000000;0.27%
22/05/2013;92.50000000;-1.51%
23/05/2013;93.28000000;0.84%
24/05/2013;94.41000000;1.2%
25/05/2013;96.00000000;1.66%
26/05/2013;102.00000000;5.88%
27/05/2013;101.00000000;-0.99%
28/05/2013;102.29000000;1.26%
29/05/2013;101.50000000;-0.78%
30/05/2013;99.80000000;-1.7%
31/05/2013;102.00000000;2.16%
01/06/2013;99.60000000;-2.41%
02/06/2013;99.57000000;-0.03%
03/06/2013;100.00000000;0.43%
04/06/2013;95.49000000;-4.72%
05/06/2013;94.00000000;-1.59%
06/06/2013;95.00000000;1.05%
07/06/2013;93.25000000;-1.88%
08/06/2013;92.74000000;-0.55%
09/06/2013;87.00000000;-6.6%
10/06/2013;82.31000000;-5.7%
11/06/2013;76.49000000;-7.61%
12/06/2013;80.74000000;5.26%
13/06/2013;83.44000000;3.24%
14/06/2013;82.73000000;-0.86%
15/06/2013;77.53000000;-6.71%
16/06/2013;75.90000000;-2.15%
17/06/2013;75.20000000;-0.93%
18/06/2013;74.65000000;-0.74%
19/06/2013;76.79000000;2.79%
20/06/2013;80.07000000;4.1%
21/06/2013;80.12000000;0.06%
22/06/2013;82.00000000;2.29%
23/06/2013;82.70000000;0.85%
24/06/2013;81.00000000;-2.1%
25/06/2013;80.90000000;-0.12%
26/06/2013;77.09000000;-4.94%
27/06/2013;79.44000000;2.96%
28/06/2013;78.91000000;-0.67%
29/06/2013;77.50000000;-1.82%
30/06/2013;72.50000000;-6.9%
01/07/2013;71.50000000;-1.4%
02/07/2013;73.90000000;3.25%
03/07/2013;66.32000000;-11.43%
04/07/2013;69.00000000;3.88%
05/07/2013;60.00000000;-15%
06/07/2013;61.43000000;2.33%
07/07/2013;53.54000000;-14.74%
08/07/2013;53.60000000;0.11%
09/07/2013;59.00000000;9.15%
10/07/2013;59.60000000;1.01%
11/07/2013;60.85000000;2.05%
12/07/2013;68.50000000;11.17%
13/07/2013;68.76000000;0.38%
14/07/2013;72.60000000;5.29%
15/07/2013;74.00000000;1.89%
16/07/2013;73.44000000;-0.76%
17/07/2013;74.59000000;1.54%
18/07/2013;73.81000000;-1.06%
19/07/2013;75.30000000;1.98%
20/07/2013;70.65000000;-6.58%
21/07/2013;70.15000000;-0.71%
22/07/2013;69.80000000;-0.5%
23/07/2013;69.27000000;-0.77%
24/07/2013;70.00000000;1.04%
25/07/2013;73.00000000;4.11%
26/07/2013;71.99000000;-1.4%
27/07/2013;72.98000000;1.36%
28/07/2013;72.36000000;-0.86%
29/07/2013;70.50000000;-2.64%
30/07/2013;74.00000000;4.73%
31/07/2013;75.37000000;1.82%
01/08/2013;79.48000000;5.17%
02/08/2013;77.80000000;-2.16%
03/08/2013;78.00000000;0.26%
04/08/2013;78.50000000;0.64%
05/08/2013;77.58000000;-1.19%
06/08/2013;78.10000000;0.67%
07/08/2013;80.95000000;3.52%
08/08/2013;79.20000000;-2.21%
09/08/2013;79.00000000;-0.25%
10/08/2013;77.80000000;-1.54%
11/08/2013;76.89000000;-1.18%
12/08/2013;76.90000000;0.01%
13/08/2013;77.70000000;1.03%
14/08/2013;79.11000000;1.78%
15/08/2013;80.60000000;1.85%
16/08/2013;82.77000000;2.62%
17/08/2013;82.24000000;-0.64%
18/08/2013;81.77000000;-0.57%
19/08/2013;82.75000000;1.18%
20/08/2013;83.41000000;0.79%
21/08/2013;88.00000000;5.22%
22/08/2013;89.90000000;2.11%
23/08/2013;89.83000000;-0.08%
24/08/2013;89.99000000;0.18%
25/08/2013;87.50000000;-2.85%
26/08/2013;88.30000000;0.91%
27/08/2013;89.95000000;1.83%
28/08/2013;88.70000000;-1.41%
29/08/2013;96.25000000;7.84%
30/08/2013;95.20000000;-1.1%
31/08/2013;95.27000000;0.07%
01/09/2013;101.36000000;6.01%
02/09/2013;105.32000000;3.76%
03/09/2013;108.36000000;2.81%
04/09/2013;106.15000000;-2.08%
05/09/2013;107.25000000;1.03%
06/09/2013;100.10000000;-7.14%
07/09/2013;99.30000000;-0.81%
08/09/2013;93.70000000;-5.98%
09/09/2013;97.81000000;4.2%
10/09/2013;96.00000000;-1.89%
11/09/2013;99.20000000;3.23%
12/09/2013;99.03000000;-0.17%
13/09/2013;105.17000000;5.84%
14/09/2013;104.00000000;-1.13%
15/09/2013;104.80000000;0.76%
16/09/2013;101.98000000;-2.77%
17/09/2013;102.96000000;0.95%
18/09/2013;104.77000000;1.73%
19/09/2013;103.33000000;-1.39%
20/09/2013;103.43000000;0.1%
21/09/2013;100.01000000;-3.42%
22/09/2013;98.50000000;-1.53%
23/09/2013;98.98000000;0.48%
24/09/2013;99.19000000;0.21%
25/09/2013;98.65000000;-0.55%
26/09/2013;97.30000000;-1.39%
27/09/2013;100.73000000;3.41%
28/09/2013;98.80000000;-1.95%
29/09/2013;101.00000000;2.18%
30/09/2013;103.53000000;2.44%
01/10/2013;104.49000000;0.92%
02/10/2013;102.79000000;-1.65%
03/10/2013;102.40000000;-0.38%
04/10/2013;89.93000000;-13.87%
05/10/2013;94.10000000;4.43%
06/10/2013;99.49000000;5.42%
07/10/2013;99.58000000;0.09%
08/10/2013;98.55000000;-1.05%
09/10/2013;99.45000000;0.9%
10/10/2013;99.64000000;0.19%
11/10/2013;101.51000000;1.84%
12/10/2013;102.21000000;0.68%
13/10/2013;102.01000000;-0.2%
14/10/2013;102.10000000;0.09%
15/10/2013;105.63000000;3.34%
16/10/2013;108.44000000;2.59%
17/10/2013;113.89000000;4.79%
18/10/2013;111.97000000;-1.71%
19/10/2013;113.43000000;1.29%
20/10/2013;119.96000000;5.44%
21/10/2013;130.51000000;8.08%
22/10/2013;132.99000000;1.86%
23/10/2013;138.84000000;4.21%
24/10/2013;145.94000000;4.87%
25/10/2013;164.55000000;11.31%
26/10/2013;146.97000000;-11.96%
27/10/2013;142.87000000;-2.87%
28/10/2013;139.85000000;-2.16%
29/10/2013;147.24000000;5.02%
30/10/2013;148.53000000;0.87%
31/10/2013;154.93000000;4.13%
01/11/2013;151.38000000;-2.35%
02/11/2013;152.83000000;0.95%
03/11/2013;153.39000000;0.37%
04/11/2013;155.92000000;1.62%
05/11/2013;163.90000000;4.87%
06/11/2013;173.32000000;5.44%
07/11/2013;181.90000000;4.72%
08/11/2013;196.51000000;7.43%
09/11/2013;227.92000000;13.78%
10/11/2013;259.00000000;12%
11/11/2013;274.99000000;5.81%
12/11/2013;253.69000000;-8.4%
13/11/2013;267.13000000;5.03%
14/11/2013;277.45000000;3.72%
15/11/2013;318.05000000;12.77%
16/11/2013;318.31000000;0.08%
17/11/2013;326.11000000;2.39%
18/11/2013;341.77000000;4.58%
19/11/2013;388.61000000;12.05%
20/11/2013;582.53000000;33.29%
21/11/2013;479.95000000;-21.37%
22/11/2013;467.63000000;-2.63%
23/11/2013;551.30000000;15.18%
24/11/2013;585.03000000;5.77%
25/11/2013;625.23000000;6.43%
26/11/2013;598.45000000;-4.47%
27/11/2013;603.79000000;0.88%
28/11/2013;706.51000000;14.54%
29/11/2013;779.33000000;9.34%
30/11/2013;826.37000000;5.69%
01/12/2013;875.99000000;5.66%
02/12/2013;865.31000000;-1.23%
03/12/2013;738.58000000;-17.16%
04/12/2013;790.45000000;6.56%
05/12/2013;829.34000000;4.69%
06/12/2013;876.60000000;5.39%
07/12/2013;796.93000000;-10%
08/12/2013;612.81000000;-30.05%
09/12/2013;509.97000000;-20.17%
10/12/2013;591.71000000;13.81%
11/12/2013;675.61000000;12.42%
12/12/2013;739.89000000;8.69%
13/12/2013;665.32000000;-11.21%
14/12/2013;642.30000000;-3.58%
15/12/2013;666.57000000;3.64%
16/12/2013;652.14000000;-2.21%
17/12/2013;658.39000000;0.95%
18/12/2013;547.22000000;-20.32%
19/12/2013;515.89000000;-6.07%
20/12/2013;396.42000000;-30.14%
21/12/2013;528.25000000;24.96%
22/12/2013;481.97000000;-9.6%
23/12/2013;465.70000000;-3.49%
24/12/2013;464.46000000;-0.27%
25/12/2013;511.34000000;9.17%
26/12/2013;493.67000000;-3.58%
27/12/2013;507.84000000;2.79%
28/12/2013;569.24000000;10.79%
29/12/2013;565.92000000;-0.59%
30/12/2013;547.63000000;-3.34%
31/12/2013;556.17000000;1.54%
01/01/2014;567.19000000;1.94%
02/01/2014;566.94000000;-0.04%
03/01/2014;569.83000000;0.51%
04/01/2014;599.98000000;5.03%
05/01/2014;616.11000000;2.62%
06/01/2014;647.58000000;4.86%
07/01/2014;706.90000000;8.39%
08/01/2014;703.84000000;-0.43%
09/01/2014;631.44000000;-11.47%
10/01/2014;645.15000000;2.13%
11/01/2014;661.81000000;2.52%
12/01/2014;657.02000000;-0.73%
13/01/2014;694.96000000;5.46%
14/01/2014;669.41000000;-3.82%
15/01/2014;655.45000000;-2.13%
16/01/2014;637.92000000;-2.75%
17/01/2014;662.14000000;3.66%
18/01/2014;646.10000000;-2.48%
19/01/2014;626.76000000;-3.09%
20/01/2014;626.19000000;-0.09%
21/01/2014;650.80000000;3.78%
22/01/2014;671.96000000;3.15%
23/01/2014;676.30000000;0.64%
24/01/2014;653.83000000;-3.44%
25/01/2014;650.27000000;-0.55%
26/01/2014;627.47000000;-3.63%
27/01/2014;668.76000000;6.17%
28/01/2014;704.66000000;5.09%
29/01/2014;633.64000000;-11.21%
30/01/2014;644.67000000;1.71%
31/01/2014;655.53000000;1.66%
01/02/2014;652.39000000;-0.48%
02/02/2014;642.18000000;-1.59%
03/02/2014;650.38000000;1.26%
04/02/2014;651.06000000;0.1%
05/02/2014;651.09000000;0%
06/02/2014;650.88000000;-0.03%
07/02/2014;643.13000000;-1.21%
08/02/2014;603.43000000;-6.58%
09/02/2014;522.84000000;-15.41%
10/02/2014;493.63000000;-5.92%
11/02/2014;500.06000000;1.29%
12/02/2014;452.82000000;-10.43%
13/02/2014;455.32000000;0.55%
14/02/2014;415.27000000;-9.64%
15/02/2014;374.42000000;-10.91%
16/02/2014;352.47000000;-6.23%
17/02/2014;285.68000000;-23.38%
18/02/2014;240.54000000;-18.77%
19/02/2014;238.84000000;-0.71%
20/02/2014;232.03000000;-2.93%
21/02/2014;213.75000000;-8.55%
22/02/2014;115.19000000;-85.56%
23/02/2014;113.00000000;-1.94%
24/02/2014;210.87000000;46.41%
25/02/2014;272.64000000;22.66%
26/02/2014;153.64000000;-77.45%
27/02/2014;198.75000000;22.7%
28/02/2014;430.63000000;53.85%
01/03/2014;432.31000000;0.39%
02/03/2014;416.86000000;-3.71%
03/03/2014;420.17000000;0.79%
04/03/2014;412.89000000;-1.76%
05/03/2014;474.17000000;12.92%
06/03/2014;490.98000000;3.42%
07/03/2014;489.40000000;-0.32%
08/03/2014;481.13000000;-1.72%
09/03/2014;463.74000000;-3.75%
10/03/2014;455.70000000;-1.76%
11/03/2014;465.87000000;2.18%
12/03/2014;456.49000000;-2.05%
13/03/2014;459.89000000;0.74%
14/03/2014;459.04000000;-0.19%
15/03/2014;464.64000000;1.21%
16/03/2014;458.52000000;-1.33%
17/03/2014;460.14000000;0.35%
18/03/2014;459.13000000;-0.22%
19/03/2014;449.52000000;-2.14%
20/03/2014;445.54000000;-0.89%
21/03/2014;442.94000000;-0.59%
22/03/2014;426.41000000;-3.88%
23/03/2014;416.32000000;-2.42%
24/03/2014;414.39000000;-0.47%
25/03/2014;411.78000000;-0.63%
26/03/2014;422.58000000;2.56%
27/03/2014;422.81000000;0.05%
28/03/2014;425.07000000;0.53%
29/03/2014;368.74000000;-15.28%
30/03/2014;373.04000000;1.15%
31/03/2014;364.35000000;-2.39%
01/04/2014;339.86000000;-7.21%
02/04/2014;335.11000000;-1.42%
03/04/2014;357.65000000;6.3%
04/04/2014;321.96000000;-11.09%
05/04/2014;326.56000000;1.41%
06/04/2014;331.41000000;1.46%
07/04/2014;336.70000000;1.57%
08/04/2014;336.82000000;0.04%
09/04/2014;331.75000000;-1.53%
10/04/2014;332.24000000;0.15%
11/04/2014;325.74000000;-2%
12/04/2014;275.98000000;-18.03%
13/04/2014;306.21000000;9.87%
14/04/2014;310.00000000;1.22%
15/04/2014;302.83000000;-2.37%
16/04/2014;335.33000000;9.69%
17/04/2014;376.87000000;11.02%
18/04/2014;377.08000000;0.06%
19/04/2014;364.31000000;-3.51%
20/04/2014;352.06000000;-3.48%
21/04/2014;363.17000000;3.06%
22/04/2014;363.76000000;0.16%
23/04/2014;360.13000000;-1.01%
24/04/2014;353.78000000;-1.79%
25/04/2014;355.88000000;0.59%
26/04/2014;359.33000000;0.96%
27/04/2014;337.72000000;-6.4%
28/04/2014;331.96000000;-1.74%
29/04/2014;319.10000000;-4.03%
30/04/2014;319.60000000;0.16%
01/05/2014;322.34000000;0.85%
02/05/2014;324.54000000;0.68%
03/05/2014;332.38000000;2.36%
04/05/2014;326.36000000;-1.84%
05/05/2014;316.09000000;-3.25%
06/05/2014;315.18000000;-0.29%
07/05/2014;311.73000000;-1.11%
08/05/2014;310.39000000;-0.43%
09/05/2014;318.25000000;2.47%
10/05/2014;319.20000000;0.3%
11/05/2014;327.29000000;2.47%
12/05/2014;328.95000000;0.5%
13/05/2014;319.06000000;-3.1%
14/05/2014;320.34000000;0.4%
15/05/2014;320.00000000;-0.11%
16/05/2014;324.69000000;1.44%
17/05/2014;327.55000000;0.87%
18/05/2014;327.82000000;0.08%
19/05/2014;329.19000000;0.42%
20/05/2014;325.29000000;-1.2%
21/05/2014;325.78000000;0.15%
22/05/2014;354.09000000;8%
23/05/2014;358.95000000;1.35%
24/05/2014;381.03000000;5.79%
25/05/2014;382.72000000;0.44%
26/05/2014;385.70000000;0.77%
27/05/2014;418.97000000;7.94%
28/05/2014;426.03000000;1.66%
29/05/2014;421.19000000;-1.15%
30/05/2014;422.29000000;0.26%
31/05/2014;417.76000000;-1.08%
01/06/2014;451.36000000;7.44%
02/06/2014;456.74000000;1.18%
03/06/2014;464.27000000;1.62%
04/06/2014;481.23000000;3.52%
05/06/2014;491.99000000;2.19%
06/06/2014;476.13000000;-3.33%
07/06/2014;487.33000000;2.3%
08/06/2014;480.69000000;-1.38%
09/06/2014;480.76000000;0.01%
10/06/2014;480.63000000;-0.03%
11/06/2014;475.19000000;-1.14%
12/06/2014;477.90000000;0.57%
13/06/2014;463.14000000;-3.19%
14/06/2014;420.97000000;-10.02%
15/06/2014;436.01000000;3.45%
16/06/2014;419.62000000;-3.91%
17/06/2014;432.51000000;2.98%
18/06/2014;439.42000000;1.57%
19/06/2014;446.32000000;1.55%
20/06/2014;446.48000000;0.04%
21/06/2014;438.55000000;-1.81%
22/06/2014;437.19000000;-0.31%
23/06/2014;438.04000000;0.19%
24/06/2014;448.14000000;2.25%
25/06/2014;431.94000000;-3.75%
26/06/2014;426.56000000;-1.26%
27/06/2014;412.46000000;-3.42%
28/06/2014;425.66000000;3.1%
29/06/2014;437.22000000;2.64%
30/06/2014;437.10000000;-0.03%
01/07/2014;438.91000000;0.41%
02/07/2014;463.96000000;5.4%
03/07/2014;467.41000000;0.74%
04/07/2014;472.51000000;1.08%
05/07/2014;467.91000000;-0.98%
06/07/2014;463.17000000;-1.02%
07/07/2014;461.95000000;-0.26%
08/07/2014;465.40000000;0.74%
09/07/2014;457.89000000;-1.64%
10/07/2014;457.56000000;-0.07%
11/07/2014;457.46000000;-0.02%
12/07/2014;451.97000000;-1.21%
13/07/2014;463.24000000;2.43%
14/07/2014;467.03000000;0.81%
15/07/2014;461.70000000;-1.15%
16/07/2014;454.32000000;-1.62%
17/07/2014;458.13000000;0.83%
18/07/2014;456.43000000;-0.37%
19/07/2014;460.00000000;0.78%
20/07/2014;462.86000000;0.62%
21/07/2014;462.08000000;-0.17%
22/07/2014;458.55000000;-0.77%
23/07/2014;456.38000000;-0.48%
24/07/2014;460.57000000;0.91%
25/07/2014;459.44000000;-0.25%
26/07/2014;448.24000000;-2.5%
27/07/2014;449.51000000;0.28%
28/07/2014;445.81000000;-0.83%
29/07/2014;443.78000000;-0.46%
30/07/2014;439.12000000;-1.06%
31/07/2014;436.82000000;-0.53%
01/08/2014;421.20000000;-3.71%
02/08/2014;436.27000000;3.45%
03/08/2014;445.47000000;2.07%
04/08/2014;440.63000000;-1.1%
05/08/2014;436.27000000;-1%
06/08/2014;437.92000000;0.38%
07/08/2014;435.38000000;-0.58%
08/08/2014;434.24000000;-0.26%
09/08/2014;439.06000000;1.1%
10/08/2014;440.93000000;0.42%
11/08/2014;438.74000000;-0.5%
12/08/2014;438.43000000;-0.07%
13/08/2014;430.67000000;-1.8%
14/08/2014;428.29000000;-0.56%
15/08/2014;411.11000000;-4.18%
16/08/2014;382.63000000;-7.44%
17/08/2014;376.90000000;-1.52%
18/08/2014;396.28000000;4.89%
19/08/2014;376.43000000;-5.27%
20/08/2014;351.65000000;-7.05%
21/08/2014;370.00000000;4.96%
22/08/2014;393.18000000;5.9%
23/08/2014;395.87000000;0.68%
24/08/2014;392.57000000;-0.84%
25/08/2014;379.74000000;-3.38%
26/08/2014;388.00000000;2.13%
27/08/2014;382.03000000;-1.56%
28/08/2014;388.19000000;1.59%
29/08/2014;387.64000000;-0.14%
30/08/2014;382.91000000;-1.24%
31/08/2014;386.60000000;0.95%
01/09/2014;384.20000000;-0.62%
02/09/2014;368.43000000;-4.28%
03/09/2014;364.22000000;-1.16%
04/09/2014;361.35000000;-0.79%
05/09/2014;361.60000000;0.07%
06/09/2014;379.72000000;4.77%
07/09/2014;369.91000000;-2.65%
08/09/2014;371.31000000;0.38%
09/09/2014;371.31000000;0%
10/09/2014;365.21000000;-1.67%
11/09/2014;366.01000000;0.22%
12/09/2014;368.35000000;0.64%
13/09/2014;369.29000000;0.25%
14/09/2014;367.49000000;-0.49%
15/09/2014;365.85000000;-0.45%
16/09/2014;364.67000000;-0.32%
17/09/2014;363.43000000;-0.34%
18/09/2014;359.56000000;-1.08%
19/09/2014;353.98000000;-1.58%
20/09/2014;331.25000000;-6.86%
21/09/2014;308.98000000;-7.21%
22/09/2014;320.71000000;3.66%
23/09/2014;311.72000000;-2.88%
24/09/2014;312.12000000;0.13%
25/09/2014;340.77000000;8.41%
26/09/2014;328.27000000;-3.81%
27/09/2014;319.65000000;-2.7%
28/09/2014;318.65000000;-0.31%
29/09/2014;314.83000000;-1.21%
30/09/2014;296.87000000;-6.05%
01/10/2014;291.70000000;-1.77%
02/10/2014;307.35000000;5.09%
03/10/2014;303.39000000;-1.31%
04/10/2014;294.37000000;-3.06%
05/10/2014;284.22000000;-3.57%
06/10/2014;263.45000000;-7.88%
07/10/2014;258.56000000;-1.89%
08/10/2014;261.62000000;1.17%
09/10/2014;263.13000000;0.57%
10/10/2014;280.45000000;6.18%
11/10/2014;283.47000000;1.07%
12/10/2014;285.52000000;0.72%
13/10/2014;288.56000000;1.05%
14/10/2014;298.47000000;3.32%
15/10/2014;306.11000000;2.5%
16/10/2014;316.85000000;3.39%
17/10/2014;310.88000000;-1.92%
18/10/2014;300.26000000;-3.54%
19/10/2014;299.53000000;-0.24%
20/10/2014;306.62000000;2.31%
21/10/2014;304.33000000;-0.75%
22/10/2014;299.20000000;-1.71%
23/10/2014;302.46000000;1.08%
24/10/2014;301.09000000;-0.46%
25/10/2014;283.53000000;-6.19%
26/10/2014;282.96000000;-0.2%
27/10/2014;276.64000000;-2.28%
28/10/2014;281.63000000;1.77%
29/10/2014;280.74000000;-0.32%
30/10/2014;281.89000000;0.41%
31/10/2014;268.03000000;-5.17%
01/11/2014;274.10000000;2.21%
02/11/2014;270.01000000;-1.51%
03/11/2014;260.08000000;-3.82%
04/11/2014;259.84000000;-0.09%
05/11/2014;260.64000000;0.31%
06/11/2014;261.41000000;0.29%
07/11/2014;269.98000000;3.17%
08/11/2014;278.41000000;3.03%
09/11/2014;274.30000000;-1.5%
10/11/2014;275.00000000;0.25%
11/11/2014;286.67000000;4.07%
12/11/2014;290.72000000;1.39%
13/11/2014;293.86000000;1.07%
14/11/2014;326.18000000;9.91%
15/11/2014;331.74000000;1.68%
16/11/2014;318.33000000;-4.21%
17/11/2014;306.19000000;-3.96%
18/11/2014;309.99000000;1.23%
19/11/2014;311.34000000;0.43%
20/11/2014;302.93000000;-2.78%
21/11/2014;303.89000000;0.32%
22/11/2014;285.82000000;-6.32%
23/11/2014;284.05000000;-0.62%
24/11/2014;287.06000000;1.05%
25/11/2014;296.20000000;3.09%
26/11/2014;304.58000000;2.75%
27/11/2014;301.42000000;-1.05%
28/11/2014;294.48000000;-2.36%
29/11/2014;296.01000000;0.52%
30/11/2014;302.66000000;2.2%
01/12/2014;303.46000000;0.26%
02/12/2014;301.01000000;-0.81%
03/12/2014;303.48000000;0.81%
04/12/2014;304.56000000;0.35%
05/12/2014;304.18000000;-0.12%
06/12/2014;298.84000000;-1.79%
07/12/2014;304.78000000;1.95%
08/12/2014;302.93000000;-0.61%
09/12/2014;303.87000000;0.31%
10/12/2014;296.66000000;-2.43%
11/12/2014;285.88000000;-3.77%
12/12/2014;282.45000000;-1.21%
13/12/2014;283.64000000;0.42%
14/12/2014;286.24000000;0.91%
15/12/2014;282.45000000;-1.34%
16/12/2014;284.19000000;0.61%
17/12/2014;280.63000000;-1.27%
18/12/2014;267.19000000;-5.03%
19/12/2014;261.87000000;-2.03%
20/12/2014;255.21000000;-2.61%
21/12/2014;260.94000000;2.2%
22/12/2014;268.97000000;2.99%
23/12/2014;262.84000000;-2.33%
24/12/2014;271.15000000;3.06%
25/12/2014;274.81000000;1.33%
26/12/2014;264.68000000;-3.83%
27/12/2014;261.75000000;-1.12%
28/12/2014;270.56000000;3.26%
29/12/2014;261.34000000;-3.53%
30/12/2014;262.25000000;0.35%
31/12/2014;258.82000000;-1.33%
01/01/2015;257.04000000;-0.69%
02/01/2015;264.93000000;2.98%
03/01/2015;262.66000000;-0.86%
04/01/2015;264.51000000;0.7%
05/01/2015;241.29000000;-9.62%
06/01/2015;223.06000000;-8.17%
07/01/2015;229.58000000;2.84%
08/01/2015;241.68000000;5.01%
09/01/2015;250.05000000;3.35%
10/01/2015;241.72000000;-3.45%
11/01/2015;246.20000000;1.82%
12/01/2015;234.06000000;-5.19%
13/01/2015;228.02000000;-2.65%
14/01/2015;227.09000000;-0.41%
15/01/2015;192.31000000;-18.09%
16/01/2015;149.91000000;-28.28%
17/01/2015;183.81000000;18.44%
18/01/2015;179.94000000;-2.15%
19/01/2015;174.43000000;-3.16%
20/01/2015;182.05000000;4.19%
21/01/2015;188.12000000;3.23%
22/01/2015;183.91000000;-2.29%
23/01/2015;196.88000000;6.59%
24/01/2015;204.59000000;3.77%
25/01/2015;207.79000000;1.54%
26/01/2015;220.42000000;5.73%
27/01/2015;227.59000000;3.15%
28/01/2015;239.97000000;5.16%
29/01/2015;232.93000000;-3.02%
30/01/2015;212.53000000;-9.6%
31/01/2015;206.19000000;-3.07%
01/02/2015;206.03000000;-0.08%
02/02/2015;194.22000000;-6.08%
03/02/2015;200.84000000;3.3%
04/02/2015;209.90000000;4.32%
05/02/2015;200.75000000;-4.56%
06/02/2015;201.25000000;0.25%
07/02/2015;191.22000000;-5.25%
08/02/2015;197.30000000;3.08%
09/02/2015;200.40000000;1.55%
10/02/2015;197.04000000;-1.71%
11/02/2015;194.91000000;-1.09%
12/02/2015;195.50000000;0.3%
13/02/2015;195.18000000;-0.16%
14/02/2015;196.04000000;0.44%
15/02/2015;203.58000000;3.7%
16/02/2015;222.03000000;8.31%
17/02/2015;204.96000000;-8.33%
18/02/2015;208.17000000;1.54%
19/02/2015;213.72000000;2.6%
20/02/2015;206.45000000;-3.52%
21/02/2015;212.92000000;3.04%
22/02/2015;214.86000000;0.9%
23/02/2015;214.21000000;-0.3%
24/02/2015;207.61000000;-3.18%
25/02/2015;211.16000000;1.68%
26/02/2015;209.32000000;-0.88%
27/02/2015;209.91000000;0.28%
28/02/2015;210.06000000;0.07%
01/03/2015;221.50000000;5.16%
02/03/2015;220.78000000;-0.33%
03/03/2015;224.59000000;1.7%
04/03/2015;242.72000000;7.47%
05/03/2015;247.94000000;2.11%
06/03/2015;245.42000000;-1.03%
07/03/2015;248.40000000;1.2%
08/03/2015;248.74000000;0.14%
09/03/2015;252.96000000;1.67%
10/03/2015;251.39000000;-0.62%
11/03/2015;265.39000000;5.28%
12/03/2015;270.87000000;2.02%
13/03/2015;278.72000000;2.82%
14/03/2015;278.62000000;-0.04%
15/03/2015;273.38000000;-1.92%
16/03/2015;269.87000000;-1.3%
17/03/2015;273.10000000;1.18%
18/03/2015;275.27000000;0.79%
19/03/2015;270.05000000;-1.93%
20/03/2015;242.09000000;-11.55%
21/03/2015;249.41000000;2.93%
22/03/2015;245.53000000;-1.58%
23/03/2015;242.62000000;-1.2%
24/03/2015;249.25000000;2.66%
25/03/2015;244.26000000;-2.04%
26/03/2015;230.44000000;-6%
27/03/2015;226.80000000;-1.6%
28/03/2015;230.54000000;1.62%
29/03/2015;228.33000000;-0.97%
30/03/2015;232.46000000;1.78%
31/03/2015;224.16000000;-3.7%
01/04/2015;229.01000000;2.12%
02/04/2015;228.45000000;-0.25%
03/04/2015;228.92000000;0.21%
04/04/2015;232.73000000;1.64%
05/04/2015;231.86000000;-0.38%
06/04/2015;232.63000000;0.33%
07/04/2015;235.99000000;1.42%
08/04/2015;231.88000000;-1.77%
09/04/2015;233.17000000;0.55%
10/04/2015;227.42000000;-2.53%
11/04/2015;227.87000000;0.2%
12/04/2015;223.16000000;-2.11%
13/04/2015;223.09000000;-0.03%
14/04/2015;223.43000000;0.15%
15/04/2015;214.13000000;-4.34%
16/04/2015;206.47000000;-3.71%
17/04/2015;210.04000000;1.7%
18/04/2015;213.06000000;1.42%
19/04/2015;208.69000000;-2.09%
20/04/2015;207.21000000;-0.71%
21/04/2015;208.09000000;0.42%
22/04/2015;208.81000000;0.34%
23/04/2015;218.21000000;4.31%
24/04/2015;217.41000000;-0.37%
25/04/2015;215.84000000;-0.73%
26/04/2015;213.22000000;-1.23%
27/04/2015;208.06000000;-2.48%
28/04/2015;203.44000000;-2.27%
29/04/2015;209.80000000;3.03%
30/04/2015;206.80000000;-1.45%
01/05/2015;204.71000000;-1.02%
02/05/2015;210.57000000;2.78%
03/05/2015;208.28000000;-1.1%
04/05/2015;210.85000000;1.22%
05/05/2015;213.42000000;1.2%
06/05/2015;213.51000000;0.04%
07/05/2015;210.78000000;-1.3%
08/05/2015;203.68000000;-3.49%
09/05/2015;210.71000000;3.34%
10/05/2015;212.64000000;0.91%
11/05/2015;214.76000000;0.99%
12/05/2015;212.96000000;-0.85%
13/05/2015;215.37000000;1.12%
14/05/2015;215.17000000;-0.09%
15/05/2015;208.80000000;-3.05%
16/05/2015;208.62000000;-0.09%
17/05/2015;209.02000000;0.19%
18/05/2015;206.40000000;-1.27%
19/05/2015;205.24000000;-0.57%
20/05/2015;203.18000000;-1.01%
21/05/2015;205.05000000;0.91%
22/05/2015;207.69000000;1.27%
23/05/2015;209.30000000;0.77%
24/05/2015;212.33000000;1.43%
25/05/2015;210.32000000;-0.96%
26/05/2015;214.14000000;1.78%
27/05/2015;212.64000000;-0.71%
28/05/2015;214.45000000;0.84%
29/05/2015;213.85000000;-0.28%
30/05/2015;215.37000000;0.71%
31/05/2015;214.45000000;-0.43%
01/06/2015;212.07000000;-1.12%
02/06/2015;208.44000000;-1.74%
03/06/2015;204.19000000;-2.08%
04/06/2015;203.87000000;-0.16%
05/06/2015;200.36000000;-1.75%
06/06/2015;198.80000000;-0.78%
07/06/2015;201.32000000;1.25%
08/06/2015;201.93000000;0.3%
09/06/2015;200.78000000;-0.57%
10/06/2015;201.32000000;0.27%
11/06/2015;202.36000000;0.51%
12/06/2015;201.83000000;-0.26%
13/06/2015;203.29000000;0.72%
14/06/2015;203.61000000;0.16%
15/06/2015;203.64000000;0.01%
16/06/2015;205.20000000;0.76%
17/06/2015;208.27000000;1.47%
18/06/2015;217.11000000;4.07%
19/06/2015;216.64000000;-0.22%
20/06/2015;217.31000000;0.31%
21/06/2015;215.11000000;-1.02%
22/06/2015;214.45000000;-0.31%
23/06/2015;213.61000000;-0.39%
24/06/2015;216.92000000;1.53%
25/06/2015;217.07000000;0.07%
26/06/2015;214.95000000;-0.99%
27/06/2015;215.50000000;0.26%
28/06/2015;217.06000000;0.72%
29/06/2015;223.52000000;2.89%
30/06/2015;225.78000000;1%
01/07/2015;229.24000000;1.51%
02/07/2015;237.18000000;3.35%
03/07/2015;233.67000000;-1.5%
04/07/2015;229.79000000;-1.69%
05/07/2015;231.16000000;0.59%
06/07/2015;234.33000000;1.35%
07/07/2015;244.46000000;4.14%
08/07/2015;244.22000000;-0.1%
09/07/2015;242.82000000;-0.58%
10/07/2015;243.81000000;0.41%
11/07/2015;245.00000000;0.49%
12/07/2015;256.45000000;4.46%
13/07/2015;262.05000000;2.14%
14/07/2015;278.88000000;6.03%
15/07/2015;264.02000000;-5.63%
16/07/2015;260.87000000;-1.21%
17/07/2015;259.23000000;-0.63%
18/07/2015;254.96000000;-1.67%
19/07/2015;257.20000000;0.87%
20/07/2015;254.26000000;-1.16%
21/07/2015;252.70000000;-0.62%
22/07/2015;255.00000000;0.9%
23/07/2015;251.98000000;-1.2%
24/07/2015;253.17000000;0.47%
25/07/2015;251.50000000;-0.66%
26/07/2015;260.92000000;3.61%
27/07/2015;262.29000000;0.52%
28/07/2015;263.94000000;0.63%
29/07/2015;263.33000000;-0.23%
30/07/2015;264.96000000;0.62%
31/07/2015;262.69000000;-0.86%
01/08/2015;263.44000000;0.28%
02/08/2015;259.32000000;-1.59%
03/08/2015;258.02000000;-0.5%
04/08/2015;258.16000000;0.05%
05/08/2015;259.15000000;0.38%
06/08/2015;261.29000000;0.82%
07/08/2015;259.36000000;-0.74%
08/08/2015;255.71000000;-1.43%
09/08/2015;256.25000000;0.21%
10/08/2015;240.20000000;-6.68%
11/08/2015;243.91000000;1.52%
12/08/2015;241.68000000;-0.92%
13/08/2015;245.76000000;1.66%
14/08/2015;242.77000000;-1.23%
15/08/2015;238.63000000;-1.73%
16/08/2015;241.48000000;1.18%
17/08/2015;239.01000000;-1.03%
18/08/2015;236.59000000;-1.02%
19/08/2015;234.69000000;-0.81%
20/08/2015;230.01000000;-2.03%
21/08/2015;206.99000000;-11.12%
22/08/2015;212.13000000;2.42%
23/08/2015;207.26000000;-2.35%
24/08/2015;204.49000000;-1.35%
25/08/2015;201.67000000;-1.4%
26/08/2015;186.01000000;-8.42%
27/08/2015;194.68000000;4.45%
28/08/2015;200.81000000;3.05%
29/08/2015;199.84000000;-0.49%
30/08/2015;208.18000000;4.01%
31/08/2015;205.06000000;-1.52%
01/09/2015;204.65000000;-0.2%
02/09/2015;206.19000000;0.75%
03/09/2015;202.54000000;-1.8%
04/09/2015;204.71000000;1.06%
05/09/2015;203.59000000;-0.55%
06/09/2015;207.19000000;1.74%
07/09/2015;211.32000000;1.95%
08/09/2015;215.57000000;1.97%
09/09/2015;214.71000000;-0.4%
10/09/2015;217.95000000;1.49%
11/09/2015;213.29000000;-2.18%
12/09/2015;212.22000000;-0.5%
13/09/2015;212.81000000;0.28%
14/09/2015;209.31000000;-1.67%
15/09/2015;203.40000000;-2.91%
16/09/2015;204.14000000;0.36%
17/09/2015;204.70000000;0.27%
18/09/2015;202.85000000;-0.91%
19/09/2015;204.49000000;0.8%
20/09/2015;205.79000000;0.63%
21/09/2015;203.71000000;-1.02%
22/09/2015;204.80000000;0.53%
23/09/2015;202.46000000;-1.16%
24/09/2015;206.44000000;1.93%
25/09/2015;205.53000000;-0.44%
26/09/2015;208.81000000;1.57%
27/09/2015;209.73000000;0.44%
28/09/2015;209.17000000;-0.27%
29/09/2015;207.77000000;-0.67%
30/09/2015;213.23000000;2.56%
01/10/2015;211.19000000;-0.97%
02/10/2015;211.14000000;-0.02%
03/10/2015;212.93000000;0.84%
04/10/2015;211.22000000;-0.81%
05/10/2015;212.56000000;0.63%
06/10/2015;212.64000000;0.04%
07/10/2015;214.49000000;0.86%
08/10/2015;218.48000000;1.83%
09/10/2015;216.63000000;-0.85%
10/10/2015;215.38000000;-0.58%
11/10/2015;215.57000000;0.09%
12/10/2015;215.61000000;0.02%
13/10/2015;217.26000000;0.76%
14/10/2015;216.49000000;-0.36%
15/10/2015;218.23000000;0.8%
16/10/2015;220.17000000;0.88%
17/10/2015;223.13000000;1.33%
18/10/2015;230.51000000;3.2%
19/10/2015;235.51000000;2.12%
20/10/2015;229.59000000;-2.58%
21/10/2015;232.53000000;1.26%
22/10/2015;237.44000000;2.07%
23/10/2015;234.78000000;-1.13%
24/10/2015;246.46000000;4.74%
25/10/2015;250.32000000;1.54%
26/10/2015;255.85000000;2.16%
27/10/2015;260.05000000;1.62%
28/10/2015;257.79000000;-0.88%
29/10/2015;265.79000000;3.01%
30/10/2015;276.79000000;3.97%
31/10/2015;284.68000000;2.77%
01/11/2015;296.65000000;4.04%
02/11/2015;282.41000000;-5.04%
03/11/2015;296.09000000;4.62%
04/11/2015;318.50000000;7.04%
05/11/2015;360.02000000;11.53%
06/11/2015;368.09000000;2.19%
07/11/2015;349.52000000;-5.31%
08/11/2015;342.73000000;-1.98%
09/11/2015;357.93000000;4.25%
10/11/2015;346.22000000;-3.38%
11/11/2015;352.13000000;1.68%
12/11/2015;315.33000000;-11.67%
13/11/2015;286.21000000;-10.17%
14/11/2015;309.10000000;7.41%
15/11/2015;312.61000000;1.12%
16/11/2015;309.63000000;-0.96%
17/11/2015;298.41000000;-3.76%
18/11/2015;309.68000000;3.64%
19/11/2015;314.69000000;1.59%
20/11/2015;315.92000000;0.39%
21/11/2015;304.28000000;-3.83%
22/11/2015;301.92000000;-0.78%
23/11/2015;305.75000000;1.25%
24/11/2015;304.27000000;-0.49%
25/11/2015;304.01000000;-0.09%
26/11/2015;300.15000000;-1.29%
27/11/2015;308.84000000;2.81%
28/11/2015;336.43000000;8.2%
29/11/2015;340.90000000;1.31%
30/11/2015;337.09000000;-1.13%
01/12/2015;351.09000000;3.99%
02/12/2015;357.20000000;1.71%
03/12/2015;342.33000000;-4.34%
04/12/2015;339.90000000;-0.71%
05/12/2015;331.71000000;-2.47%
06/12/2015;334.91000000;0.96%
07/12/2015;352.72000000;5.05%
08/12/2015;361.74000000;2.49%
09/12/2015;363.80000000;0.57%
10/12/2015;376.84000000;3.46%
11/12/2015;377.31000000;0.12%
12/12/2015;379.72000000;0.63%
13/12/2015;404.58000000;6.14%
14/12/2015;393.89000000;-2.71%
15/12/2015;395.59000000;0.43%
16/12/2015;401.06000000;1.36%
17/12/2015;421.85000000;4.93%
18/12/2015;413.98000000;-1.9%
19/12/2015;418.48000000;1.08%
20/12/2015;425.07000000;1.55%
21/12/2015;424.75000000;-0.08%
22/12/2015;407.26000000;-4.29%
23/12/2015;400.17000000;-1.77%
24/12/2015;397.60000000;-0.65%
25/12/2015;405.30000000;1.9%
26/12/2015;414.87000000;2.31%
27/12/2015;414.88000000;0%
28/12/2015;381.71000000;-8.69%
29/12/2015;387.80000000;1.57%
30/12/2015;384.32000000;-0.91%
31/12/2015;395.16000000;2.74%
01/01/2016;391.97000000;-0.81%
02/01/2016;396.94000000;1.25%
03/01/2016;400.52000000;0.89%
04/01/2016;399.81000000;-0.18%
05/01/2016;396.66000000;-0.79%
06/01/2016;400.14000000;0.87%
07/01/2016;401.80000000;0.41%
08/01/2016;401.23000000;-0.14%
09/01/2016;419.31000000;4.31%
10/01/2016;415.82000000;-0.84%
11/01/2016;412.17000000;-0.89%
12/01/2016;410.07000000;-0.51%
13/01/2016;415.18000000;1.23%
14/01/2016;412.73000000;-0.59%
15/01/2016;399.57000000;-3.29%
16/01/2016;397.04000000;-0.64%
17/01/2016;343.91000000;-15.45%
18/01/2016;356.13000000;3.43%
19/01/2016;352.53000000;-1.02%
20/01/2016;355.22000000;0.76%
21/01/2016;349.22000000;-1.72%
22/01/2016;380.93000000;8.32%
23/01/2016;378.66000000;-0.6%
24/01/2016;358.23000000;-5.7%
25/01/2016;359.76000000;0.43%
26/01/2016;373.67000000;3.72%
27/01/2016;363.26000000;-2.87%
28/01/2016;361.88000000;-0.38%
29/01/2016;363.67000000;0.49%
30/01/2016;348.90000000;-4.23%
31/01/2016;351.06000000;0.62%
01/02/2016;349.27000000;-0.51%
02/02/2016;343.26000000;-1.75%
03/02/2016;342.57000000;-0.2%
04/02/2016;342.95000000;0.11%
05/02/2016;333.17000000;-2.94%
06/02/2016;348.87000000;4.5%
07/02/2016;344.77000000;-1.19%
08/02/2016;336.65000000;-2.41%
09/02/2016;335.48000000;-0.35%
10/02/2016;331.90000000;-1.08%
11/02/2016;333.18000000;0.38%
12/02/2016;336.79000000;1.07%
13/02/2016;334.10000000;-0.81%
14/02/2016;339.84000000;1.69%
15/02/2016;344.50000000;1.35%
16/02/2016;357.96000000;3.76%
17/02/2016;357.07000000;-0.25%
18/02/2016;364.23000000;1.97%
19/02/2016;373.62000000;2.51%
20/02/2016;379.01000000;1.42%
21/02/2016;376.20000000;-0.75%
22/02/2016;394.96000000;4.75%
23/02/2016;391.08000000;-0.99%
24/02/2016;393.63000000;0.65%
25/02/2016;380.85000000;-3.36%
26/02/2016;383.31000000;0.64%
27/02/2016;383.82000000;0.13%
28/02/2016;391.06000000;1.85%
29/02/2016;393.98000000;0.74%
01/03/2016;393.28000000;-0.18%
02/03/2016;398.29000000;1.26%
03/03/2016;397.45000000;-0.21%
04/03/2016;390.29000000;-1.83%
05/03/2016;384.18000000;-1.59%
06/03/2016;371.52000000;-3.41%
07/03/2016;360.16000000;-3.15%
08/03/2016;366.46000000;1.72%
09/03/2016;375.24000000;2.34%
10/03/2016;373.90000000;-0.36%
11/03/2016;375.02000000;0.3%
12/03/2016;373.03000000;-0.53%
13/03/2016;375.71000000;0.71%
14/03/2016;367.35000000;-2.28%
15/03/2016;367.83000000;0.13%
16/03/2016;373.95000000;1.64%
17/03/2016;374.07000000;0.03%
18/03/2016;372.32000000;-0.47%
19/03/2016;371.53000000;-0.21%
20/03/2016;364.43000000;-1.95%
21/03/2016;364.47000000;0.01%
22/03/2016;367.09000000;0.71%
23/03/2016;366.87000000;-0.06%
24/03/2016;371.49000000;1.24%
25/03/2016;372.59000000;0.3%
26/03/2016;372.43000000;-0.04%
27/03/2016;373.37000000;0.25%
28/03/2016;374.12000000;0.2%
29/03/2016;381.55000000;1.95%
30/03/2016;378.30000000;-0.86%
31/03/2016;369.52000000;-2.38%
01/04/2016;364.78000000;-1.3%
02/04/2016;367.41000000;0.72%
03/04/2016;367.35000000;-0.02%
04/04/2016;369.95000000;0.7%
05/04/2016;369.75000000;-0.05%
06/04/2016;369.65000000;-0.03%
07/04/2016;372.66000000;0.81%
08/04/2016;371.18000000;-0.4%
09/04/2016;370.93000000;-0.07%
10/04/2016;369.12000000;-0.49%
11/04/2016;368.39000000;-0.2%
12/04/2016;369.67000000;0.35%
13/04/2016;370.90000000;0.33%
14/04/2016;374.28000000;0.9%
15/04/2016;375.47000000;0.32%
16/04/2016;377.09000000;0.43%
17/04/2016;380.94000000;1.01%
18/04/2016;382.21000000;0.33%
19/04/2016;378.39000000;-1.01%
20/04/2016;379.01000000;0.16%
21/04/2016;383.98000000;1.29%
22/04/2016;390.89000000;1.77%
23/04/2016;398.36000000;1.88%
24/04/2016;397.70000000;-0.17%
25/04/2016;400.93000000;0.81%
26/04/2016;408.15000000;1.77%
27/04/2016;412.29000000;1%
28/04/2016;414.23000000;0.47%
29/04/2016;396.50000000;-4.47%
30/04/2016;397.71000000;0.3%
01/05/2016;399.16000000;0.36%
02/05/2016;391.17000000;-2.04%
03/05/2016;395.39000000;1.07%
04/05/2016;387.01000000;-2.17%
05/05/2016;393.34000000;1.61%
06/05/2016;389.94000000;-0.87%
07/05/2016;394.08000000;1.05%
08/05/2016;404.14000000;2.49%
09/05/2016;403.05000000;-0.27%
10/05/2016;402.66000000;-0.1%
11/05/2016;406.71000000;1%
12/05/2016;397.21000000;-2.39%
13/05/2016;397.24000000;0.01%
14/05/2016;400.65000000;0.85%
15/05/2016;403.42000000;0.69%
16/05/2016;403.34000000;-0.02%
17/05/2016;404.94000000;0.4%
18/05/2016;401.91000000;-0.75%
19/05/2016;402.41000000;0.12%
20/05/2016;403.60000000;0.29%
21/05/2016;393.49000000;-2.57%
22/05/2016;395.47000000;0.5%
23/05/2016;395.61000000;0.04%
24/05/2016;391.66000000;-1.01%
25/05/2016;394.80000000;0.8%
26/05/2016;399.38000000;1.15%
27/05/2016;402.43000000;0.76%
28/05/2016;404.15000000;0.43%
29/05/2016;423.33000000;4.53%
30/05/2016;471.08000000;10.14%
31/05/2016;465.49000000;-1.2%
01/06/2016;476.46000000;2.3%
02/06/2016;477.49000000;0.22%
03/06/2016;480.81000000;0.69%
04/06/2016;482.39000000;0.33%
05/06/2016;500.79000000;3.67%
06/06/2016;504.86000000;0.81%
07/06/2016;506.19000000;0.26%
08/06/2016;514.35000000;1.59%
09/06/2016;508.62000000;-1.13%
10/06/2016;510.30000000;0.33%
11/06/2016;509.93000000;-0.07%
12/06/2016;515.56000000;1.09%
13/06/2016;529.18000000;2.57%
14/06/2016;592.24000000;10.65%
15/06/2016;623.02000000;4.94%
16/06/2016;613.28000000;-1.59%
17/06/2016;617.05000000;0.61%
18/06/2016;683.49000000;9.72%
19/06/2016;664.31000000;-2.89%
20/06/2016;672.90000000;1.28%
21/06/2016;676.87000000;0.59%
22/06/2016;648.84000000;-4.32%
23/06/2016;597.47000000;-8.6%
24/06/2016;527.59000000;-13.25%
25/06/2016;550.64000000;4.19%
26/06/2016;605.31000000;9.03%
27/06/2016;608.11000000;0.46%
28/06/2016;574.82000000;-5.79%
29/06/2016;592.13000000;2.92%
30/06/2016;587.50000000;-0.79%
01/07/2016;575.33000000;-2.12%
02/07/2016;607.76000000;5.34%
03/07/2016;609.29000000;0.25%
04/07/2016;630.64000000;3.39%
05/07/2016;599.40000000;-5.21%
06/07/2016;611.72000000;2.01%
07/07/2016;608.31000000;-0.56%
08/07/2016;613.05000000;0.77%
09/07/2016;581.37000000;-5.45%
10/07/2016;606.77000000;4.19%
11/07/2016;595.04000000;-1.97%
12/07/2016;589.18000000;-0.99%
13/07/2016;589.05000000;-0.02%
14/07/2016;610.55000000;3.52%
15/07/2016;598.04000000;-2.09%
16/07/2016;597.15000000;-0.15%
17/07/2016;604.76000000;1.26%
18/07/2016;603.56000000;-0.2%
19/07/2016;614.50000000;1.78%
20/07/2016;610.71000000;-0.62%
21/07/2016;611.56000000;0.14%
22/07/2016;606.22000000;-0.88%
23/07/2016;604.08000000;-0.35%
24/07/2016;594.42000000;-1.63%
25/07/2016;600.93000000;1.08%
26/07/2016;603.10000000;0.36%
27/07/2016;594.34000000;-1.47%
28/07/2016;594.11000000;-0.04%
29/07/2016;593.15000000;-0.16%
30/07/2016;591.92000000;-0.21%
31/07/2016;588.61000000;-0.56%
01/08/2016;585.32000000;-0.56%
02/08/2016;555.89000000;-5.29%
03/08/2016;535.12000000;-3.88%
04/08/2016;457.19000000;-17.05%
05/08/2016;509.90000000;10.34%
06/08/2016;524.54000000;2.79%
07/08/2016;522.72000000;-0.35%
08/08/2016;534.73000000;2.25%
09/08/2016;539.90000000;0.96%
10/08/2016;537.13000000;-0.52%
11/08/2016;531.42000000;-1.07%
12/08/2016;530.47000000;-0.18%
13/08/2016;529.85000000;-0.12%
14/08/2016;527.15000000;-0.51%
15/08/2016;525.39000000;-0.33%
16/08/2016;510.88000000;-2.84%
17/08/2016;509.21000000;-0.33%
18/08/2016;515.92000000;1.3%
19/08/2016;508.65000000;-1.43%
20/08/2016;507.43000000;-0.24%
21/08/2016;509.32000000;0.37%
22/08/2016;515.09000000;1.12%
23/08/2016;513.72000000;-0.27%
24/08/2016;519.16000000;1.05%
25/08/2016;516.06000000;-0.6%
26/08/2016;515.00000000;-0.21%
27/08/2016;511.39000000;-0.71%
28/08/2016;516.42000000;0.97%
29/08/2016;508.91000000;-1.48%
30/08/2016;511.98000000;0.6%
31/08/2016;512.32000000;0.07%
01/09/2016;516.43000000;0.8%
02/09/2016;513.07000000;-0.65%
03/09/2016;510.22000000;-0.56%
04/09/2016;513.85000000;0.71%
05/09/2016;531.48000000;3.32%
06/09/2016;542.00000000;1.94%
07/09/2016;542.18000000;0.03%
08/09/2016;542.75000000;0.11%
09/09/2016;547.18000000;0.81%
10/09/2016;556.03000000;1.59%
11/09/2016;554.62000000;-0.25%
12/09/2016;556.53000000;0.34%
13/09/2016;539.56000000;-3.15%
14/09/2016;541.30000000;0.32%
15/09/2016;544.45000000;0.58%
16/09/2016;544.00000000;-0.08%
17/09/2016;541.64000000;-0.44%
18/09/2016;544.21000000;0.47%
19/09/2016;542.79000000;-0.26%
20/09/2016;545.16000000;0.43%
21/09/2016;543.91000000;-0.23%
22/09/2016;544.62000000;0.13%
23/09/2016;533.97000000;-1.99%
24/09/2016;531.30000000;-0.5%
25/09/2016;537.90000000;1.23%
26/09/2016;539.34000000;0.27%
27/09/2016;536.01000000;-0.62%
28/09/2016;541.30000000;0.98%
29/09/2016;542.14000000;0.15%
30/09/2016;541.75000000;-0.07%
01/10/2016;540.34000000;-0.26%
02/10/2016;545.30000000;0.91%
03/10/2016;549.89000000;0.83%
04/10/2016;545.72000000;-0.76%
05/10/2016;546.90000000;0.22%
06/10/2016;546.71000000;-0.03%
07/10/2016;549.96000000;0.59%
08/10/2016;550.68000000;0.13%
09/10/2016;556.12000000;0.98%
10/10/2016;555.59000000;-0.1%
11/10/2016;552.88000000;-0.49%
12/10/2016;556.09000000;0.58%
13/10/2016;582.24000000;4.49%
14/10/2016;579.33000000;-0.5%
15/10/2016;574.85000000;-0.78%
16/10/2016;583.05000000;1.41%
17/10/2016;582.64000000;-0.07%
18/10/2016;585.22000000;0.44%
19/10/2016;581.18000000;-0.7%
20/10/2016;582.04000000;0.15%
21/10/2016;576.29000000;-1%
22/10/2016;579.09000000;0.48%
23/10/2016;582.17000000;0.53%
24/10/2016;601.69000000;3.24%
25/10/2016;599.90000000;-0.3%
26/10/2016;600.17000000;0.04%
27/10/2016;601.59000000;0.24%
28/10/2016;620.56000000;3.06%
29/10/2016;628.72000000;1.3%
30/10/2016;628.12000000;-0.1%
31/10/2016;645.13000000;2.64%
01/11/2016;628.48000000;-2.65%
02/11/2016;634.14000000;0.89%
03/11/2016;658.54000000;3.71%
04/11/2016;662.53000000;0.6%
05/11/2016;618.44000000;-7.13%
06/11/2016;632.02000000;2.15%
07/11/2016;631.84000000;-0.03%
08/11/2016;639.95000000;1.27%
09/11/2016;637.74000000;-0.35%
10/11/2016;646.54000000;1.36%
11/11/2016;661.01000000;2.19%
12/11/2016;657.80000000;-0.49%
13/11/2016;660.61000000;0.43%
14/11/2016;647.53000000;-2.02%
15/11/2016;647.24000000;-0.04%
16/11/2016;657.94000000;1.63%
17/11/2016;663.66000000;0.86%
18/11/2016;694.09000000;4.38%
19/11/2016;694.20000000;0.02%
20/11/2016;704.57000000;1.47%
21/11/2016;708.45000000;0.55%
22/11/2016;688.20000000;-2.94%
23/11/2016;694.84000000;0.96%
24/11/2016;707.35000000;1.77%
25/11/2016;705.33000000;-0.29%
26/11/2016;700.76000000;-0.65%
27/11/2016;701.90000000;0.16%
28/11/2016;696.55000000;-0.77%
29/11/2016;693.33000000;-0.46%
30/11/2016;695.09000000;0.25%
01/12/2016;691.61000000;-0.5%
02/12/2016;703.65000000;1.71%
03/12/2016;709.97000000;0.89%
04/12/2016;730.59000000;2.82%
05/12/2016;727.75000000;-0.39%
06/12/2016;732.25000000;0.61%
07/12/2016;714.70000000;-2.46%
08/12/2016;717.94000000;0.45%
09/12/2016;722.18000000;0.59%
10/12/2016;730.17000000;1.09%
11/12/2016;734.11000000;0.54%
12/12/2016;736.74000000;0.36%
13/12/2016;740.66000000;0.53%
14/12/2016;739.27000000;-0.19%
15/12/2016;740.04000000;0.1%
16/12/2016;739.26000000;-0.11%
17/12/2016;747.91000000;1.16%
18/12/2016;752.86000000;0.66%
19/12/2016;760.05000000;0.95%
20/12/2016;759.18000000;-0.11%
21/12/2016;764.64000000;0.71%
22/12/2016;776.29000000;1.5%
23/12/2016;796.26000000;2.51%
24/12/2016;825.53000000;3.55%
25/12/2016;881.88000000;6.39%
26/12/2016;855.02000000;-3.14%
27/12/2016;858.60000000;0.42%
28/12/2016;863.07000000;0.52%
29/12/2016;888.46000000;2.86%
30/12/2016;936.44000000;5.12%
31/12/2016;930.84000000;-0.6%
01/01/2017;913.45000000;-1.9%
02/01/2017;913.70000000;0.03%
03/01/2017;946.47000000;3.46%
04/01/2017;973.48000000;2.77%
05/01/2017;990.37000000;1.71%
06/01/2017;1073.81000000;7.77%
07/01/2017;941.38000000;-14.07%
08/01/2017;846.85000000;-11.16%
09/01/2017;854.12000000;0.85%
10/01/2017;866.14000000;1.39%
11/01/2017;859.78000000;-0.74%
12/01/2017;866.43000000;0.77%
13/01/2017;750.87000000;-15.39%
14/01/2017;771.50000000;2.67%
15/01/2017;781.57000000;1.29%
16/01/2017;770.39000000;-1.45%
17/01/2017;777.51000000;0.92%
18/01/2017;789.56000000;1.53%
19/01/2017;855.16000000;7.67%
20/01/2017;827.91000000;-3.29%
21/01/2017;843.65000000;1.87%
22/01/2017;841.11000000;-0.3%
23/01/2017;864.59000000;2.72%
24/01/2017;862.01000000;-0.3%
25/01/2017;862.57000000;0.06%
26/01/2017;838.05000000;-2.93%
27/01/2017;836.72000000;-0.16%
28/01/2017;859.85000000;2.69%
29/01/2017;860.77000000;0.11%
30/01/2017;861.51000000;0.09%
31/01/2017;856.49000000;-0.59%
01/02/2017;861.99000000;0.64%
02/02/2017;900.53000000;4.28%
03/02/2017;918.95000000;2%
04/02/2017;938.11000000;2.04%
05/02/2017;942.19000000;0.43%
06/02/2017;959.79000000;1.83%
07/02/2017;943.85000000;-1.69%
08/02/2017;953.77000000;1.04%
09/02/2017;987.91000000;3.46%
10/02/2017;990.85000000;0.3%
11/02/2017;921.34000000;-7.54%
12/02/2017;940.80000000;2.07%
13/02/2017;950.40000000;1.01%
14/02/2017;945.91000000;-0.47%
15/02/2017;944.51000000;-0.15%
16/02/2017;957.38000000;1.34%
17/02/2017;958.91000000;0.16%
18/02/2017;979.32000000;2.08%
19/02/2017;993.00000000;1.38%
20/02/2017;998.12000000;0.51%
21/02/2017;991.58000000;-0.66%
22/02/2017;1019.55000000;2.74%
23/02/2017;1063.66000000;4.15%
24/02/2017;1065.55000000;0.18%
25/02/2017;1113.34000000;4.29%
26/02/2017;1119.65000000;0.56%
27/02/2017;1090.37000000;-2.69%
28/02/2017;1110.13000000;1.78%
01/03/2017;1124.17000000;1.25%
02/03/2017;1119.77000000;-0.39%
03/03/2017;1156.18000000;3.15%
04/03/2017;1193.46000000;3.12%
05/03/2017;1210.20000000;1.38%
06/03/2017;1189.72000000;-1.72%
07/03/2017;1192.98000000;0.27%
08/03/2017;1209.10000000;1.33%
09/03/2017;1167.45000000;-3.57%
10/03/2017;1073.95000000;-8.71%
11/03/2017;1127.61000000;4.76%
12/03/2017;1045.90000000;-7.81%
13/03/2017;1105.85000000;5.42%
14/03/2017;1148.07000000;3.68%
15/03/2017;1157.07000000;0.78%
16/03/2017;1166.83000000;0.84%
17/03/2017;1169.90000000;0.26%
18/03/2017;1078.74000000;-8.45%
19/03/2017;994.87000000;-8.43%
20/03/2017;883.13000000;-12.65%
21/03/2017;944.86000000;6.53%
22/03/2017;959.48000000;1.52%
23/03/2017;1024.58000000;6.35%
24/03/2017;957.05000000;-7.06%
25/03/2017;952.73000000;-0.45%
26/03/2017;858.40000000;-10.99%
27/03/2017;878.53000000;2.29%
28/03/2017;884.57000000;0.68%
29/03/2017;953.97000000;7.27%
30/03/2017;959.37000000;0.56%
31/03/2017;960.89000000;0.16%
01/04/2017;963.70000000;0.29%
02/04/2017;1006.92000000;4.29%
03/04/2017;1018.38000000;1.13%
04/04/2017;1028.39000000;0.97%
05/04/2017;1073.27000000;4.18%
06/04/2017;1065.98000000;-0.68%
07/04/2017;1060.21000000;-0.54%
08/04/2017;1127.15000000;5.94%
09/04/2017;1123.86000000;-0.29%
10/04/2017;1113.81000000;-0.9%
11/04/2017;1131.66000000;1.58%
12/04/2017;1134.48000000;0.25%
13/04/2017;1150.08000000;1.36%
14/04/2017;1138.22000000;-1.04%
15/04/2017;1103.49000000;-3.15%
16/04/2017;1111.42000000;0.71%
17/04/2017;1098.70000000;-1.16%
18/04/2017;1109.93000000;1.01%
19/04/2017;1116.08000000;0.55%
20/04/2017;1121.99000000;0.53%
21/04/2017;1127.57000000;0.49%
22/04/2017;1152.22000000;2.14%
23/04/2017;1158.34000000;0.53%
24/04/2017;1150.00000000;-0.73%
25/04/2017;1143.71000000;-0.55%
26/04/2017;1155.50000000;1.02%
27/04/2017;1168.51000000;1.11%
28/04/2017;1182.07000000;1.15%
29/04/2017;1214.77000000;2.69%
30/04/2017;1213.03000000;-0.14%
01/05/2017;1214.95000000;0.16%
02/05/2017;1226.32000000;0.93%
03/05/2017;1258.54000000;2.56%
04/05/2017;1317.71000000;4.49%
05/05/2017;1376.41000000;4.26%
06/05/2017;1385.32000000;0.64%
07/05/2017;1378.04000000;-0.53%
08/05/2017;1407.38000000;2.08%
09/05/2017;1418.82000000;0.81%
10/05/2017;1513.65000000;6.26%
11/05/2017;1572.26000000;3.73%
12/05/2017;1634.72000000;3.82%
13/05/2017;1690.57000000;3.3%
14/05/2017;1557.80000000;-8.52%
15/05/2017;1637.80000000;4.88%
16/05/2017;1641.25000000;0.21%
17/05/2017;1598.45000000;-2.68%
18/05/2017;1604.20000000;0.36%
19/05/2017;1648.68000000;2.7%
20/05/2017;1704.02000000;3.25%
21/05/2017;1751.84000000;2.73%
22/05/2017;1805.73000000;2.98%
23/05/2017;1803.60000000;-0.12%
24/05/2017;1858.53000000;2.96%
25/05/2017;1995.49000000;6.86%
26/05/2017;2124.19000000;6.06%
27/05/2017;1998.17000000;-6.31%
28/05/2017;1986.17000000;-0.6%
29/05/2017;1800.97000000;-10.28%
30/05/2017;1902.86000000;5.35%
31/05/2017;2043.19000000;6.87%
01/06/2017;1923.75000000;-6.21%
02/06/2017;2051.72000000;6.24%
03/06/2017;2132.19000000;3.77%
04/06/2017;2220.76000000;3.99%
05/06/2017;2269.98000000;2.17%
06/06/2017;2246.48000000;-1.05%
07/06/2017;2392.58000000;6.11%
08/06/2017;2553.86000000;6.32%
09/06/2017;2411.65000000;-5.9%
10/06/2017;2506.41000000;3.78%
11/06/2017;2534.67000000;1.11%
12/06/2017;2522.92000000;-0.47%
13/06/2017;2607.78000000;3.25%
14/06/2017;2337.44000000;-11.57%
15/06/2017;2405.65000000;2.84%
16/06/2017;2206.71000000;-9.02%
17/06/2017;2166.59000000;-1.85%
18/06/2017;2218.27000000;2.33%
19/06/2017;2356.50000000;5.87%
20/06/2017;2231.08000000;-5.62%
21/06/2017;2293.28000000;2.71%
22/06/2017;2440.94000000;6.05%
23/06/2017;2365.30000000;-3.2%
24/06/2017;2399.69000000;1.43%
25/06/2017;2404.03000000;0.18%
26/06/2017;2288.28000000;-5.06%
27/06/2017;2224.37000000;-2.87%
28/06/2017;2142.36000000;-3.83%
29/06/2017;2226.80000000;3.79%
30/06/2017;2248.93000000;0.98%
01/07/2017;2217.44000000;-1.42%
02/07/2017;2147.76000000;-3.24%
03/07/2017;2109.41000000;-1.82%
04/07/2017;2201.95000000;4.2%
05/07/2017;2249.87000000;2.13%
06/07/2017;2292.74000000;1.87%
07/07/2017;2296.27000000;0.15%
08/07/2017;2288.03000000;-0.36%
09/07/2017;2203.83000000;-3.82%
10/07/2017;2244.06000000;1.79%
11/07/2017;2206.51000000;-1.7%
12/07/2017;2052.97000000;-7.48%
13/07/2017;2022.15000000;-1.52%
14/07/2017;2090.75000000;3.28%
15/07/2017;2053.46000000;-1.82%
16/07/2017;1940.75000000;-5.81%
17/07/2017;1725.15000000;-12.5%
18/07/2017;1670.64000000;-3.26%
19/07/2017;1934.48000000;13.64%
20/07/2017;2011.31000000;3.82%
21/07/2017;1968.05000000;-2.2%
22/07/2017;2436.04000000;19.21%
23/07/2017;2295.68000000;-6.11%
24/07/2017;2424.40000000;5.31%
25/07/2017;2363.29000000;-2.59%
26/07/2017;2378.55000000;0.64%
27/07/2017;2214.34000000;-7.42%
28/07/2017;2184.32000000;-1.37%
29/07/2017;2294.55000000;4.8%
30/07/2017;2381.08000000;3.63%
31/07/2017;2318.37000000;-2.7%
01/08/2017;2369.13000000;2.14%
02/08/2017;2467.06000000;3.97%
03/08/2017;2328.56000000;-5.95%
04/08/2017;2283.06000000;-1.99%
05/08/2017;2373.92000000;3.83%
06/08/2017;2431.35000000;2.36%
07/08/2017;2759.23000000;11.88%
08/08/2017;2734.11000000;-0.92%
09/08/2017;2874.39000000;4.88%
10/08/2017;2925.29000000;1.74%
11/08/2017;2869.25000000;-1.95%
12/08/2017;2916.30000000;1.61%
13/08/2017;3110.91000000;6.26%
14/08/2017;3289.21000000;5.42%
15/08/2017;3458.17000000;4.89%
16/08/2017;3681.48000000;6.07%
17/08/2017;3546.95000000;-3.79%
18/08/2017;3733.59000000;5%
19/08/2017;3646.62000000;-2.38%
20/08/2017;3530.94000000;-3.28%
21/08/2017;3555.68000000;0.7%
22/08/2017;3485.58000000;-2.01%
23/08/2017;3406.71000000;-2.32%
24/08/2017;3500.83000000;2.69%
25/08/2017;3541.95000000;1.16%
26/08/2017;3686.73000000;3.93%
27/08/2017;3681.86000000;-0.13%
28/08/2017;3663.49000000;-0.5%
29/08/2017;3644.45000000;-0.52%
30/08/2017;3671.02000000;0.72%
31/08/2017;3820.26000000;3.91%
01/09/2017;3839.76000000;0.51%
02/09/2017;3983.95000000;3.62%
03/09/2017;4145.42000000;3.9%
04/09/2017;3893.78000000;-6.46%
05/09/2017;3924.31000000;0.78%
06/09/2017;3672.46000000;-6.86%
07/09/2017;3780.82000000;2.87%
08/09/2017;3912.34000000;3.36%
09/09/2017;3883.01000000;-0.76%
10/09/2017;3662.21000000;-6.03%
11/09/2017;3635.77000000;-0.73%
12/09/2017;3578.29000000;-1.61%
13/09/2017;3544.73000000;-0.95%
14/09/2017;3492.99000000;-1.48%
15/09/2017;3250.09000000;-7.47%
16/09/2017;2735.87000000;-18.8%
17/09/2017;3157.37000000;13.35%
18/09/2017;3125.83000000;-1.01%
19/09/2017;3112.56000000;-0.43%
20/09/2017;3454.42000000;9.9%
21/09/2017;3274.26000000;-5.5%
22/09/2017;3264.22000000;-0.31%
23/09/2017;3045.85000000;-7.17%
24/09/2017;3055.18000000;0.31%
25/09/2017;3182.26000000;3.99%
26/09/2017;3093.01000000;-2.89%
27/09/2017;3316.26000000;6.73%
28/09/2017;3284.23000000;-0.98%
29/09/2017;3570.58000000;8.02%
30/09/2017;3547.04000000;-0.66%
01/10/2017;3517.27000000;-0.85%
02/10/2017;3666.89000000;4.08%
03/10/2017;3697.62000000;0.83%
04/10/2017;3743.93000000;1.24%
05/10/2017;3678.23000000;-1.79%
06/10/2017;3600.86000000;-2.15%
07/10/2017;3682.08000000;2.21%
08/10/2017;3707.64000000;0.69%
09/10/2017;3767.68000000;1.59%
10/10/2017;3883.93000000;2.99%
11/10/2017;4046.34000000;4.01%
12/10/2017;4022.61000000;-0.59%
13/10/2017;4061.99000000;0.97%
14/10/2017;4546.49000000;10.66%
15/10/2017;4746.28000000;4.21%
16/10/2017;4884.29000000;2.83%
17/10/2017;4780.31000000;-2.18%
18/10/2017;4858.88000000;1.62%
19/10/2017;4758.56000000;-2.11%
20/10/2017;4754.53000000;-0.08%
21/10/2017;4808.71000000;1.13%
22/10/2017;5065.72000000;5.07%
23/10/2017;5127.37000000;1.2%
24/10/2017;5100.86000000;-0.52%
25/10/2017;5006.49000000;-1.88%
26/10/2017;4754.15000000;-5.31%
27/10/2017;4895.13000000;2.88%
28/10/2017;5071.09000000;3.47%
29/10/2017;5004.47000000;-1.33%
30/10/2017;4975.19000000;-0.59%
31/10/2017;5275.75000000;5.7%
01/11/2017;5288.64000000;0.24%
02/11/2017;5540.38000000;4.54%
03/11/2017;5870.89000000;5.63%
04/11/2017;6077.35000000;3.4%
05/11/2017;6248.98000000;2.75%
06/11/2017;6384.05000000;2.12%
07/11/2017;6415.64000000;0.49%
08/11/2017;6048.21000000;-6.08%
09/11/2017;6178.49000000;2.11%
10/11/2017;6479.81000000;4.65%
11/11/2017;6191.79000000;-4.65%
12/11/2017;5710.94000000;-8.42%
13/11/2017;5487.15000000;-4.08%
14/11/2017;5079.19000000;-8.03%
15/11/2017;5662.26000000;10.3%
16/11/2017;5680.15000000;0.31%
17/11/2017;6253.78000000;9.17%
18/11/2017;6645.07000000;5.89%
19/11/2017;6560.64000000;-1.29%
20/11/2017;6602.55000000;0.63%
21/11/2017;6793.29000000;2.81%
22/11/2017;7001.29000000;2.97%
23/11/2017;6930.79000000;-1.02%
24/11/2017;7010.18000000;1.13%
25/11/2017;6811.82000000;-2.91%
26/11/2017;6909.83000000;1.42%
27/11/2017;7273.52000000;5%
28/11/2017;7699.62000000;5.53%
29/11/2017;8107.03000000;5.03%
30/11/2017;8311.49000000;2.46%
01/12/2017;8438.79000000;1.51%
02/12/2017;8564.24000000;1.46%
03/12/2017;9176.17000000;6.67%
04/12/2017;9250.96000000;0.81%
05/12/2017;9513.85000000;2.76%
06/12/2017;9755.30000000;2.48%
07/12/2017;9942.29000000;1.88%
08/12/2017;11795.53000000;15.71%
09/12/2017;15046.27000000;21.6%
10/12/2017;13503.35000000;-11.43%
11/12/2017;12697.71000000;-6.34%
12/12/2017;12669.29000000;-0.22%
13/12/2017;13863.96000000;8.62%
14/12/2017;14196.48000000;2.34%
15/12/2017;13651.18000000;-3.99%
16/12/2017;13832.48000000;1.31%
17/12/2017;14879.76000000;7.04%
18/12/2017;16376.30000000;9.14%
19/12/2017;15992.81000000;-2.4%
20/12/2017;15992.44000000;0%
21/12/2017;14992.29000000;-6.67%
22/12/2017;13961.36000000;-7.38%
23/12/2017;13009.24000000;-7.32%
24/12/2017;11867.06000000;-9.62%
25/12/2017;12503.76000000;5.09%
26/12/2017;11887.31000000;-5.19%
27/12/2017;11733.82000000;-1.31%
28/12/2017;13259.28000000;11.5%
29/12/2017;13087.45000000;-1.31%
30/12/2017;12264.02000000;-6.71%
31/12/2017;12247.68000000;-0.13%
01/01/2018;10654.40000000;-14.95%
02/01/2018;11850.31000000;10.09%
03/01/2018;11391.39000000;-4.03%
04/01/2018;12319.79000000;7.54%
05/01/2018;12786.04000000;3.65%
06/01/2018;12725.41000000;-0.48%
07/01/2018;14183.30000000;10.28%
08/01/2018;14338.58000000;1.08%
09/01/2018;13490.26000000;-6.29%
10/01/2018;12618.13000000;-6.91%
11/01/2018;12125.31000000;-4.06%
12/01/2018;12427.96000000;2.44%
13/01/2018;11144.19000000;-11.52%
14/01/2018;11497.98000000;3.08%
15/01/2018;11797.41000000;2.54%
16/01/2018;11300.22000000;-4.4%
17/01/2018;11192.51000000;-0.96%
18/01/2018;9306.21000000;-20.27%
19/01/2018;9206.16000000;-1.09%
20/01/2018;9325.40000000;1.28%
21/01/2018;9555.89000000;2.41%
22/01/2018;10538.09000000;9.32%
23/01/2018;9522.45000000;-10.67%
24/01/2018;8869.76000000;-7.36%
25/01/2018;8838.04000000;-0.36%
26/01/2018;9231.54000000;4.26%
27/01/2018;8976.46000000;-2.84%
28/01/2018;9190.63000000;2.33%
29/01/2018;9401.97000000;2.25%
30/01/2018;9030.15000000;-4.12%
31/01/2018;8097.68000000;-11.52%
01/02/2018;8153.29000000;0.68%
02/02/2018;7179.62000000;-13.56%
03/02/2018;7097.12000000;-1.16%
04/02/2018;7424.29000000;4.41%
05/02/2018;6544.21000000;-13.45%
06/02/2018;5824.67000000;-12.35%
07/02/2018;5759.53000000;-1.13%
08/02/2018;6722.05000000;14.32%
09/02/2018;6755.16000000;0.49%
10/02/2018;7072.46000000;4.49%
11/02/2018;6850.15000000;-3.25%
12/02/2018;6603.70000000;-3.73%
13/02/2018;7108.61000000;7.1%
14/02/2018;7286.13000000;2.44%
15/02/2018;7570.40000000;3.76%
16/02/2018;8139.95000000;7%
17/02/2018;8246.05000000;1.29%
18/02/2018;8680.27000000;5%
19/02/2018;8628.54000000;-0.6%
20/02/2018;9010.46000000;4.24%
21/02/2018;9380.20000000;3.94%
22/02/2018;9208.32000000;-1.87%
23/02/2018;8499.69000000;-8.34%
24/02/2018;8267.72000000;-2.81%
25/02/2018;7870.50000000;-5.05%
26/02/2018;7926.90000000;0.71%
27/02/2018;8414.86000000;5.8%
28/02/2018;8680.73000000;3.06%
01/03/2018;8590.41000000;-1.05%
02/03/2018;8828.13000000;2.69%
03/03/2018;8785.39000000;-0.49%
04/03/2018;9233.41000000;4.85%
05/03/2018;9271.28000000;0.41%
06/03/2018;9348.23000000;0.82%
07/03/2018;9367.16000000;0.2%
08/03/2018;7876.00000000;-18.93%
09/03/2018;8048.12000000;2.14%
10/03/2018;7407.65000000;-8.65%
11/03/2018;7143.93000000;-3.69%
12/03/2018;7746.76000000;7.78%
13/03/2018;7503.78000000;-3.24%
14/03/2018;7428.85000000;-1.01%
15/03/2018;6748.12000000;-10.09%
16/03/2018;6703.71000000;-0.66%
17/03/2018;6632.60000000;-1.07%
18/03/2018;6405.55000000;-3.54%
19/03/2018;6274.17000000;-2.09%
20/03/2018;6956.04000000;9.8%
21/03/2018;7284.42000000;4.51%
22/03/2018;7212.82000000;-0.99%
23/03/2018;7123.52000000;-1.25%
24/03/2018;7066.70000000;-0.8%
25/03/2018;6991.23000000;-1.08%
26/03/2018;6866.70000000;-1.81%
27/03/2018;6824.98000000;-0.61%
28/03/2018;6525.49000000;-4.59%
29/03/2018;6482.10000000;-0.67%
30/03/2018;5746.79000000;-12.8%
31/03/2018;5540.98000000;-3.71%
01/04/2018;5611.24000000;1.25%
